date,app_count,apps_added_since_previous,mac_count,windows_count
2025-03-04,20,20,20,0
2025-03-05,20,0,20,0
2025-03-06,20,0,20,0
2025-03-07,20,0,20,0
2025-03-08,20,0,20,0
2025-03-09,20,0,20,0
2025-03-10,20,0,20,0
2025-03-11,20,0,20,0
2025-03-12,21,1,20,1
2025-03-13,21,0,20,1
2025-03-14,21,0,20,1
2025-03-15,21,0,20,1
2025-03-16,21,0,20,1
2025-03-17,21,0,20,1
2025-03-18,21,0,20,1
2025-03-19,21,0,20,1
2025-03-20,21,0,20,1
2025-03-21,27,6,20,7
2025-03-22,27,0,20,7
2025-03-23,27,0,20,7
2025-03-24,27,0,20,7
2025-03-25,26,0,20,6
2025-03-26,26,0,20,6
2025-03-27,35,8,20,15
2025-03-28,37,2,20,17
2025-03-29,37,0,20,17
2025-03-30,37,0,20,17
2025-03-31,37,0,20,17
2025-04-01,29,0,20,9
2025-04-02,26,0,20,6
2025-04-03,26,0,20,6
2025-04-04,26,0,20,6
2025-04-05,26,0,20,6
2025-04-06,26,0,20,6
2025-04-07,26,0,20,6
2025-04-08,26,0,20,6
2025-04-09,26,0,20,6
2025-04-10,26,0,20,6
2025-04-11,26,0,20,6
2025-04-12,26,0,20,6
2025-04-13,26,0,20,6
2025-04-14,26,0,20,6
2025-04-15,26,0,20,6
2025-04-16,26,0,20,6
2025-04-17,26,0,20,6
2025-04-18,26,0,20,6
2025-04-19,26,0,20,6
2025-04-20,26,0,20,6
2025-04-21,26,0,20,6
2025-04-22,26,0,20,6
2025-04-23,26,0,20,6
2025-04-24,26,0,20,6
2025-04-25,26,0,20,6
2025-04-26,26,0,20,6
2025-04-27,26,0,20,6
2025-04-28,26,0,20,6
2025-04-29,26,0,20,6
2025-04-30,26,0,20,6
2025-05-01,26,0,20,6
2025-05-02,26,0,20,6
2025-05-03,26,0,20,6
2025-05-04,26,0,20,6
2025-05-05,26,0,20,6
2025-05-06,26,0,20,6
2025-05-07,26,0,20,6
2025-05-08,26,0,20,6
2025-05-09,26,0,20,6
2025-05-10,26,0,20,6
2025-05-11,26,0,20,6
2025-05-12,26,0,20,6
2025-05-13,26,0,20,6
2025-05-14,26,0,20,6
2025-05-15,27,0,21,6
2025-05-16,27,0,21,6
2025-05-17,27,0,21,6
2025-05-18,27,0,21,6
2025-05-19,27,0,21,6
2025-05-20,27,0,21,6
2025-05-21,27,0,21,6
2025-05-22,27,0,21,6
2025-05-23,27,0,21,6
2025-05-24,27,0,21,6
2025-05-25,27,0,21,6
2025-05-26,27,0,21,6
2025-05-27,27,0,21,6
2025-05-28,27,0,21,6
2025-05-29,27,0,21,6
2025-05-30,27,0,21,6
2025-05-31,27,0,21,6
2025-06-01,27,0,21,6
2025-06-02,27,0,21,6
2025-06-03,27,0,21,6
2025-06-04,27,0,21,6
2025-06-05,27,0,21,6
2025-06-06,27,0,21,6
2025-06-07,27,0,21,6
2025-06-08,27,0,21,6
2025-06-09,27,0,21,6
2025-06-10,27,0,21,6
2025-06-11,27,0,21,6
2025-06-12,27,0,21,6
2025-06-13,27,0,21,6
2025-06-14,27,0,21,6
2025-06-15,27,0,21,6
2025-06-16,27,0,21,6
2025-06-17,27,0,21,6
2025-06-18,27,0,21,6
2025-06-19,27,0,21,6
2025-06-20,27,0,21,6
2025-06-21,27,0,21,6
2025-06-22,27,0,21,6
2025-06-23,27,0,21,6
2025-06-24,27,0,21,6
2025-06-25,27,0,21,6
2025-06-26,27,0,21,6
2025-06-27,27,0,21,6
2025-06-28,27,0,21,6
2025-06-29,27,0,21,6
2025-06-30,27,0,21,6
2025-07-01,27,0,21,6
2025-07-02,27,0,21,6
2025-07-03,27,0,21,6
2025-07-04,27,0,21,6
2025-07-05,27,0,21,6
2025-07-06,27,0,21,6
2025-07-07,27,0,21,6
2025-07-08,27,0,21,6
2025-07-09,27,0,21,6
2025-07-10,30,0,24,6
2025-07-11,31,0,25,6
2025-07-12,32,0,26,6
2025-07-13,32,0,26,6
2025-07-14,33,0,27,6
2025-07-15,33,0,27,6
2025-07-16,33,0,27,6
2025-07-17,33,0,27,6
2025-07-18,33,0,27,6
2025-07-19,33,0,27,6
2025-07-20,33,0,27,6
2025-07-21,33,0,27,6
2025-07-22,33,0,27,6
2025-07-23,33,0,27,6
2025-07-24,33,0,27,6
2025-07-25,33,0,27,6
2025-07-26,33,0,27,6
2025-07-27,33,0,27,6
2025-07-28,33,0,27,6
2025-07-29,33,0,27,6
2025-07-30,33,0,27,6
2025-07-31,33,0,27,6
2025-08-01,33,0,27,6
2025-08-02,33,0,27,6
2025-08-03,33,0,27,6
2025-08-04,33,0,27,6
2025-08-05,33,0,27,6
2025-08-06,33,0,27,6
2025-08-07,33,0,27,6
2025-08-08,33,0,27,6
2025-08-09,33,0,27,6
2025-08-10,33,0,27,6
2025-08-11,33,0,27,6
2025-08-12,33,0,27,6
2025-08-13,33,0,27,6
2025-08-14,33,0,27,6
2025-08-15,33,0,27,6
2025-08-16,33,0,27,6
2025-08-17,33,0,27,6
2025-08-18,33,0,27,6
2025-08-19,33,0,27,6
2025-08-20,33,0,27,6
2025-08-21,33,0,27,6
2025-08-22,33,0,27,6
2025-08-23,33,0,27,6
2025-08-24,33,0,27,6
2025-08-25,33,0,27,6
2025-08-26,33,0,27,6
2025-08-27,33,0,27,6
2025-08-28,33,0,27,6
2025-08-29,33,0,27,6
2025-08-30,33,0,27,6
2025-08-31,33,0,27,6
2025-09-01,33,0,27,6
2025-09-02,33,0,27,6
2025-09-03,34,0,28,6
2025-09-04,34,0,28,6
2025-09-05,34,0,28,6
2025-09-06,34,0,28,6
2025-09-07,34,0,28,6
2025-09-08,34,0,28,6
2025-09-09,34,0,28,6
2025-09-10,34,0,28,6
2025-09-11,34,0,28,6
2025-09-12,34,0,28,6
2025-09-13,34,0,28,6
2025-09-14,34,0,28,6
2025-09-15,34,0,28,6
2025-09-16,34,0,28,6
2025-09-17,34,0,28,6
2025-09-18,34,0,28,6
2025-09-19,34,0,28,6
2025-09-20,34,0,28,6
2025-09-21,34,0,28,6
2025-09-22,36,0,30,6
2025-09-23,36,0,30,6
2025-09-24,36,0,30,6
2025-09-25,36,0,30,6
2025-09-26,36,0,30,6
2025-09-27,36,0,30,6
2025-09-28,36,0,30,6
2025-09-29,36,0,30,6
2025-09-30,36,0,30,6
2025-10-01,36,0,30,6
2025-10-02,36,0,30,6
2025-10-03,36,0,30,6
2025-10-04,36,0,30,6
2025-10-05,36,0,30,6
2025-10-06,36,0,30,6
2025-10-07,36,0,30,6
2025-10-08,36,0,30,6
2025-10-09,36,0,30,6
2025-10-10,36,0,30,6
2025-10-11,36,0,30,6
2025-10-12,36,0,30,6
2025-10-13,36,0,30,6
2025-10-14,36,0,30,6
2025-10-15,36,0,30,6
2025-10-16,36,0,30,6
2025-10-17,36,0,30,6
2025-10-18,36,0,30,6
2025-10-19,36,0,30,6
2025-10-20,36,0,30,6
2025-10-21,36,0,30,6
2025-10-22,36,0,30,6
2025-10-23,36,0,30,6
2025-10-24,38,1,31,7
2025-10-25,38,0,31,7
2025-10-26,38,0,31,7
2025-10-27,38,0,31,7
2025-10-28,38,0,31,7
2025-10-29,38,0,31,7
2025-10-30,38,0,31,7
2025-10-31,38,0,31,7
2025-11-01,38,0,31,7
2025-11-02,38,0,31,7
2025-11-03,38,0,31,7
2025-11-04,38,0,31,7
2025-11-05,38,0,31,7
2025-11-06,38,0,31,7
2025-11-07,40,2,33,7
2025-11-08,41,1,34,7
2025-11-09,41,0,34,7
2025-11-10,41,0,34,7
2025-11-11,41,0,34,7
2025-11-12,46,5,39,7
2025-11-13,46,0,39,7
2025-11-14,48,2,41,7
2025-11-15,57,9,47,10
2025-11-16,57,0,47,10
2025-11-17,68,11,56,12
2025-11-18,77,9,65,12
2025-11-19,84,7,70,14
2025-11-20,97,13,82,15
2025-11-21,104,7,86,18
2025-11-22,104,0,86,18
2025-11-23,104,0,86,18
2025-11-24,109,5,91,18
2025-11-25,123,14,105,18
2025-11-26,124,1,106,18
2025-11-27,124,0,106,18
2025-11-28,126,2,108,18
2025-11-29,128,2,110,18
2025-11-30,128,0,110,18
2025-12-01,135,7,113,22
2025-12-02,137,2,114,23
2025-12-03,140,3,117,23
2025-12-04,140,0,117,23
2025-12-05,142,2,119,23
2025-12-06,151,9,128,23
2025-12-07,151,0,128,23
2025-12-08,157,6,132,25
2025-12-09,168,11,136,32
2025-12-10,211,43,179,32
2025-12-11,226,15,194,32
2025-12-12,226,0,194,32
2025-12-13,229,3,194,35
2025-12-14,231,2,194,37
2025-12-15,236,5,196,40
2025-12-16,243,7,201,42
2025-12-17,246,3,202,44
2025-12-18,246,0,202,44
2025-12-19,246,0,202,44
2025-12-20,246,0,202,44
2025-12-21,247,1,202,45
2025-12-22,248,1,203,45
2025-12-23,250,2,203,47
2025-12-24,250,0,203,47
2025-12-25,250,0,203,47
2025-12-26,250,0,203,47
2025-12-27,250,0,203,47
2025-12-28,250,0,203,47
2025-12-29,250,0,203,47
2025-12-30,249,0,203,46
2025-12-31,249,0,203,46
2026-01-01,249,0,203,46
2026-01-02,249,0,203,46
2026-01-03,249,0,203,46
2026-01-04,249,0,203,46
2026-01-05,250,0,203,47
2026-01-06,250,0,203,47
2026-01-07,251,1,204,47
2026-01-08,251,0,204,47
2026-01-09,251,0,204,47
2026-01-10,251,0,204,47
2026-01-11,251,0,204,47
2026-01-12,251,0,204,47
2026-01-13,251,0,204,47
2026-01-14,251,0,204,47
2026-01-15,251,0,204,47
2026-01-16,251,0,204,47
2026-01-17,251,0,204,47
2026-01-18,251,0,204,47
2026-01-19,251,0,204,47
2026-01-20,250,0,204,46
2026-01-21,250,0,204,46
2026-01-22,251,0,205,46
2026-01-23,251,0,205,46
2026-01-24,251,0,205,46
2026-01-25,251,0,205,46
2026-01-26,251,0,205,46
2026-01-27,251,0,205,46
2026-01-28,251,0,205,46
2026-01-29,251,0,205,46
2026-01-30,251,0,205,46
2026-01-31,251,0,205,46
2026-02-01,251,0,205,46
2026-02-02,251,0,205,46
2026-02-03,251,0,205,46
2026-02-04,253,2,206,47
2026-02-05,253,0,206,47
2026-02-06,253,0,206,47
2026-02-07,253,0,206,47
2026-02-08,253,0,206,47
2026-02-09,253,0,206,47
2026-02-10,253,0,206,47
2026-02-11,253,0,206,47
2026-02-12,253,0,206,47
2026-02-13,253,0,206,47
2026-02-14,253,0,206,47
2026-02-15,253,0,206,47
2026-02-16,253,0,206,47
2026-02-17,253,0,206,47
2026-02-18,253,0,206,47
2026-02-19,254,1,207,47
2026-02-20,256,2,207,49
2026-02-21,256,0,207,49
2026-02-22,256,0,207,49
2026-02-23,257,1,207,50
2026-02-24,258,1,207,51
2026-02-25,259,1,207,52
2026-02-26,259,0,207,52
2026-02-27,259,0,207,52
2026-02-28,259,0,207,52
2026-03-01,259,0,207,52
2026-03-02,259,0,207,52
2026-03-03,259,0,207,52
2026-03-04,259,0,207,52
2026-03-05,259,0,207,52
2026-03-06,259,0,207,52
2026-03-07,258,0,207,51
2026-03-08,258,0,207,51
2026-03-09,258,0,207,51
2026-03-10,258,0,207,51
2026-03-11,267,8,214,53
2026-03-12,267,0,214,53
2026-03-13,267,0,214,53
2026-03-14,267,0,214,53
2026-03-15,267,0,214,53
2026-03-16,267,0,214,53
2026-03-17,272,5,218,54
2026-03-18,272,0,218,54
2026-03-19,274,2,219,55
2026-03-20,274,0,219,55
2026-03-21,274,0,219,55
2026-03-22,274,0,219,55
2026-03-23,276,2,221,55
2026-03-24,276,0,221,55
2026-03-25,276,0,221,55
2026-03-26,277,1,222,55
2026-03-27,277,0,222,55
2026-03-28,278,1,222,56
2026-03-29,278,0,222,56
2026-03-30,278,0,222,56
2026-03-31,278,0,222,56
2026-04-01,278,0,222,56
2026-04-02,278,0,222,56
2026-04-03,279,1,223,56
2026-04-04,279,0,223,56
2026-04-05,279,0,223,56
2026-04-06,279,0,223,56
2026-04-07,279,0,223,56
2026-04-08,279,0,223,56
2026-04-09,279,0,223,56
2026-04-10,279,0,223,56
2026-04-11,279,0,223,56
2026-04-12,279,0,223,56
2026-04-13,279,0,223,56
2026-04-14,283,4,224,59
2026-04-15,283,0,224,59
2026-04-16,283,0,224,59
2026-04-17,283,0,224,59
2026-04-18,283,0,224,59
2026-04-19,283,0,224,59
2026-04-20,284,1,224,60
2026-04-21,284,0,224,60
2026-04-22,284,0,224,60
2026-04-23,284,0,224,60
2026-04-24,285,1,225,60
2026-04-25,285,0,225,60
2026-04-26,285,0,225,60
2026-04-27,285,0,225,60
2026-04-28,286,1,226,60
2026-04-29,286,0,226,60
2026-04-30,289,3,229,60
2026-05-01,289,0,229,60
2026-05-02,289,0,229,60
2026-05-03,289,0,229,60
2026-05-04,289,0,229,60
2026-05-05,289,0,229,60
2026-05-06,290,1,230,60
2026-05-07,290,0,230,60
2026-05-08,290,0,230,60
2026-05-09,290,0,230,60
2026-05-10,290,0,230,60
2026-05-11,290,0,230,60
2026-05-12,291,1,231,60
2026-05-13,291,0,231,60
2026-05-14,291,0,231,60
2026-05-15,293,2,232,61
2026-05-16,293,0,232,61
2026-05-17,293,0,232,61
2026-05-18,293,0,232,61
2026-05-19,292,0,232,60
2026-05-20,295,2,234,61
2026-05-21,295,0,234,61
2026-05-22,295,0,234,61
2026-05-23,295,0,234,61
2026-05-24,295,0,234,61
2026-05-25,295,0,234,61
2026-05-26,301,6,234,67
2026-05-27,310,9,236,74
2026-05-28,353,43,237,116
2026-05-29,377,24,240,137
2026-05-30,384,7,244,140
2026-05-31,384,0,244,140
2026-06-01,387,3,244,143
2026-06-02,387,0,244,143
2026-06-03,389,2,246,143
2026-06-04,402,13,248,154
2026-06-05,412,10,249,163
2026-06-06,413,1,249,164
2026-06-07,449,36,257,192
2026-06-08,471,22,268,203
2026-06-09,600,129,397,203
2026-06-10,788,188,585,203
2026-06-11,1035,247,833,202
2026-06-12,1135,100,933,202
2026-06-13,1171,36,957,214
2026-06-14,1171,0,957,214
2026-06-15,1201,30,957,244
2026-06-16,1254,53,958,296
2026-06-17,1255,1,959,296
2026-06-18,1257,2,960,297
2026-06-19,1262,5,960,302
2026-06-20,1262,0,960,302
2026-06-21,1262,0,960,302
2026-06-22,1262,0,960,302
2026-06-23,1262,0,960,302
2026-06-24,1262,0,960,302
2026-06-25,1262,0,960,302
2026-06-26,1262,0,960,302
2026-06-27,1262,0,960,302
2026-06-28,1262,0,960,302
2026-06-29,1262,0,960,302
2026-06-30,1262,0,960,302
2026-07-01,1262,0,960,302
2026-07-02,1262,0,960,302
2026-07-03,1262,0,960,302
2026-07-04,1262,0,960,302
2026-07-05,1262,0,960,302
2026-07-06,1263,1,960,303
2026-07-07,1280,17,960,320
2026-07-08,1298,18,960,338
2026-07-09,1298,0,960,338
2026-07-10,1312,14,960,352
2026-07-11,1312,0,960,352
2026-07-12,1312,0,960,352
2026-07-13,1330,18,960,370
2026-07-14,1332,2,961,371
2026-07-15,1345,13,961,384
2026-07-16,1346,1,962,384
2026-07-17,1350,4,964,386
2026-07-18,1350,0,964,386
2026-07-19,1350,0,964,386
2026-07-20,1350,0,964,386
2026-07-21,1351,1,965,386
2026-07-22,1358,7,966,392
2026-07-23,1358,0,966,392
2026-07-24,1358,0,966,392
2026-07-25,1373,15,966,407
2026-07-26,1373,0,966,407
2026-07-27,1373,0,966,407
2026-07-28,1378,5,965,413
2026-07-29,1382,4,964,418
2026-07-30,1381,0,963,418
2026-07-31,1382,0,962,420
2026-08-01,1383,1,962,421
2026-08-02,1383,0,962,421
2026-08-03,1383,0,962,421
